<?xml version="1.0" encoding="UTF-8"?>
<project-private xmlns="http://www.netbeans.org/ns/project-private/1">
    <editor-bookmarks xmlns="http://www.netbeans.org/ns/editor-bookmarks/2" lastBookmarkId="0"/>
    <open-files xmlns="http://www.netbeans.org/ns/projectui-open-files/2">
        <group>
            <file>file:/home/placements2017/NetBeansProjects/mcodes/src/mcodes/NeuralNetwork1.java</file>
            <file>file:/home/placements2017/NetBeansProjects/mcodes/src/mcodes/Neuron.java</file>
            <file>file:/home/placements2017/NetBeansProjects/mcodes/src/mcodes/Connection.java</file>
            <file>file:/home/placements2017/NetBeansProjects/mcodes/src/mcodes/Neuron1.java</file>
            <file>file:/home/placements2017/NetBeansProjects/mcodes/src/mcodes/NeuralNetwork.java</file>
            <file>file:/home/placements2017/NetBeansProjects/mcodes/src/mcodes/Connection1.java</file>
        </group>
    </open-files>
</project-private>
