<?xml version="1.0" encoding="UTF-8"?>
<project-private xmlns="http://www.netbeans.org/ns/project-private/1">
    <editor-bookmarks xmlns="http://www.netbeans.org/ns/editor-bookmarks/2" lastBookmarkId="0"/>
    <open-files xmlns="http://www.netbeans.org/ns/projectui-open-files/2">
        <group>
            <file>file:/home/placements2017/NetBeansProjects/gui/src/gui/showOutput.java</file>
            <file>file:/home/placements2017/NetBeansProjects/gui/src/gui/test.java</file>
            <file>file:/home/placements2017/NetBeansProjects/gui/src/gui/Gui.java</file>
            <file>file:/home/placements2017/NetBeansProjects/gui/src/gui/scan.java</file>
        </group>
    </open-files>
</project-private>
